{
  "23andme": "https://api.23andme.com",
  "500px": "https://github.com/500px/api-documentation",
  "acton": "https://developer.act-on.com",
  "acuityscheduling": "https://developers.acuityscheduling.com",
  "adobe": "https://developer.adobe.com",
  "aha": "https://www.aha.io/api",
  "alchemer": "https://apihelp.alchemer.com",
  "amazon": "https://login.amazon.com/documentation",
  "angellist": "https://angel.co/api",
  "apple": "https://developer.apple.com",
  "arcgis": "https://developers.arcgis.com",
  "asana": "https://asana.com/developers",
  "assembla": "https://api-docs.assembla.cc",
  "atlassian": "https://developer.atlassian.com",
  "auth0": "https://auth0.com/docs",
  "authentiq": "https://www.authentiq.com/developers",
  "authing": "https://www.authing.cn/developer",
  "autodesk": "https://forge.autodesk.com",
  "aweber": "https://api.aweber.com",
  "axosoft": "https://developer.axosoft.com",
  "baidu": "https://developer.baidu.com",
  "basecamp": "https://github.com/basecamp/bc3-api",
  "battlenet": "https://develop.battle.net",
  "beatport": "https://oauth-api.beatport.com",
  "bitbucket": "https://developer.atlassian.com/bitbucket/api/2/reference/",
  "bitly": "https://dev.bitly.com",
  "box": "https://developer.box.com",
  "buffer": "https://buffer.com/developers",
  "campaignmonitor": "https://www.campaignmonitor.com/api",
  "cas": "https://apereo.github.io/cas/",
  "cheddar": "https://cheddarapp.com/developer",
  "clio": "https://app.clio.com/api/v4/documentation",
  "cognito": "https://aws.amazon.com/cognito/",
  "coinbase": "https://developers.coinbase.com",
  "concur": "https://developer.concur.com",
  "constantcontact": "https://developer.constantcontact.com",
  "coursera": "https://building.coursera.org",
  "crossid": "https://developer.crossid.io",
  "dailymotion": "https://developer.dailymotion.com",
  "deezer": "https://developers.deezer.com",
  "delivery": "https://developers.delivery.com",
  "deputy": "https://www.deputy.com/api-doc/",
  "deviantart": "https://www.deviantart.com/developers/",
  "digitalocean": "https://developers.digitalocean.com",
  "discogs": "https://www.discogs.com/developers/",
  "discord": "https://discord.com/developers/docs/intro",
  "disqus": "https://disqus.com/api/docs",
  "docusign": "https://developers.docusign.com",
  "dribbble": "https://developer.dribbble.com",
  "dropbox": "https://www.dropbox.com/developers",
  "ebay": "https://developer.ebay.com",
  "echosign": "https://secure.echosign.com/public/docs/restapi/v3",
  "ecwid": "https://developers.ecwid.com",
  "edmodo": "https://partnerships.edmodo.com",
  "egnyte": "https://developers.egnyte.com",
  "etsy": "https://www.etsy.com/developers",
  "eventbrite": "https://www.eventbrite.com/platform",
  "evernote": "https://dev.evernote.com",
  "eyeem": "https://github.com/eyeem/Public-API",
  "facebook": "https://developers.facebook.com",
  "familysearch": "https://www.familysearch.org/developers/",
  "feedly": "https://developer.feedly.com",
  "figma": "https://www.figma.com/developers",
  "fitbit": "https://dev.fitbit.com",
  "flickr": "https://www.flickr.com/services",
  "formstack": "https://developers.formstack.com",
  "foursquare": "https://developer.foursquare.com",
  "freeagent": "https://dev.freeagent.com",
  "freelancer": "https://developers.freelancer.com",
  "freshbooks": "https://www.freshbooks.com/developers",
  "fusionauth": "https://fusionauth.io/docs/",
  "garmin": "https://developer.garmin.com",
  "geeklist": "http: //hackers.geekli.st",
  "genius": "https://docs.genius.com",
  "getbase": "https://developers.getbase.com",
  "getpocket": "https://getpocket.com/developer",
  "gitbook": "https://developer.gitbook.com",
  "github": "https://docs.github.com/developers",
  "gitlab": "https://docs.gitlab.com/ce/api/",
  "gitter": "https://developer.gitter.im",
  "goodreads": "https://www.goodreads.com/api",
  "google": "https://developers.google.com",
  "groove": "https://www.groovehq.com/docs",
  "gumroad": "https://gumroad.com/api",
  "harvest": "https://help.getharvest.com/api-v2/",
  "hellosign": "https://www.hellosign.com/api",
  "heroku": "https://devcenter.heroku.com/categories/platform-api",
  "homeaway": "https://www.homeaway.com/platform",
  "hootsuite": "https://developer.hootsuite.com",
  "huddle": "https://www.huddle.com/huddle-api/",
  "ibm": "https://ibm.biz/provisioner",
  "iconfinder": "https://developer.iconfinder.com",
  "idme": "https://developers.id.me",
  "idonethis": "https://i-done-this.readme.io/docs",
  "imgur": "https://apidocs.imgur.com",
  "infusionsoft": "https://developer.infusionsoft.com",
  "instagram": "https://instagram.com/developer",
  "intuit": "https://developer.intuit.com",
  "jamendo": "https://devportal.jamendo.com/",
  "jumplead": "https://developer.jumplead.com",
  "kakao": "https://developers.kakao.com",
  "keycloak": "https://www.keycloak.org",
  "line": "https://developers.line.biz",
  "linkedin": "https://www.linkedin.com/developers",
  "live": "https://docs.microsoft.com/en-us/onedrive/developer/rest-api/getting-started/msa-oauth?view=odsp-graph-online",
  "livechat": "https://developers.livechatinc.com",
  "logingov": "https://developers.login.gov",
  "lyft": "https://developer.lyft.com",
  "mailchimp": "https://developer.mailchimp.com",
  "mailup": "http: //help.mailup.com/display/mailupapi/REST+API",
  "mailxpert": "https://dev.mailxpert.ch",
  "mapmyfitness": "https://developer.underarmour.com",
  "mastodon": "https://docs.joinmastodon.org/",
  "medium": "https://developers.medium.com",
  "meetup": "https://www.meetup.com/meetup_api/",
  "mendeley": "https://dev.mendeley.com",
  "mention": "https://dev.mention.com",
  "microsoft": "https://developer.microsoft.com/en-us/graph",
  "mixcloud": "https://www.mixcloud.com/developers",
  "moxtra": "https://developer.moxtra.com",
  "myob": "https://developer.myob.com",
  "naver": "https://developers.naver.com",
  "nest": "https://developers.nest.com",
  "netlify": "https://docs.netlify.com",
  "nokotime": "https://developer.nokotime.com",
  "notion": "https://developers.notion.com",
  "nylas": "https://docs.nylas.com",
  "okta": "https://developer.okta.com/",
  "onelogin": "https://developers.onelogin.com",
  "openstreetmap": "https://wiki.openstreetmap.org/wiki/API_v0.6",
  "optimizely": "https://developers.optimizely.com",
  "osu": "https://osu.ppy.sh/docs",
  "patreon": "https://docs.patreon.com",
  "paypal": "https://developer.paypal.com",
  "phantauth": "https://www.phantauth.net",
  "pinterest": "https://developers.pinterest.com",
  "plurk": "https://www.plurk.com/API",
  "podio": "https://developers.podio.com",
  "procore": "https://developers.procore.com",
  "producthunt": "https://api.producthunt.com/v2/docs",
  "projectplace": "https://service.projectplace.com/apidocs",
  "pushbullet": "https://docs.pushbullet.com",
  "qq": "https://wiki.connect.qq.com/%E5%87%86%E5%A4%87%E5%B7%A5%E4%BD%9C_oauth2-0",
  "ravelry": "https://www.ravelry.com/api",
  "redbooth": "https://redbooth.com/api",
  "reddit": "https://www.reddit.com/dev/api",
  "runkeeper": "https://runkeeper.com/developer/healthgraph/",
  "salesforce": "https://developer.salesforce.com",
  "sellsy": "https://api.sellsy.com",
  "shoeboxed": "https://github.com/Shoeboxed/api",
  "shopify": "https://developers.shopify.com",
  "skyrock": "https://www.skyrock.com/developer",
  "slack": "https://api.slack.com",
  "slice": "https://developer.slice.com",
  "smartsheet": "https://smartsheet-platform.github.io/api-docs",
  "smugmug": "https://api.smugmug.com",
  "snapchat": "https://kit.snapchat.com",
  "snowflake": "https://docs.snowflake.com",
  "socialpilot": "https://developer.socialpilot.co",
  "socrata": "https://dev.socrata.com",
  "soundcloud": "https://developers.soundcloud.com",
  "spotify": "https://developer.spotify.com",
  "square": "https://squareup.com/developers",
  "stackexchange": "https://api.stackexchange.com",
  "stocktwits": "https://api.stocktwits.com/developers",
  "stormz": "https://developer.stormz.me",
  "storyblok": "https://www.storyblok.com/docs/guide/introduction",
  "strava": "https://developers.strava.com",
  "stripe": "https://stripe.com/docs",
  "surveymonkey": "https://developer.surveymonkey.com",
  "surveysparrow": "https://surveysparrow.com/developer",
  "thingiverse": "https://www.thingiverse.com/developers",
  "ticketbud": "https://api.ticketbud.com",
  "tiktok": "https://developers.tiktok.com/",
  "timelyapp": "https://dev.timelyapp.com",
  "todoist": "https://developer.todoist.com",
  "trakt": "https://trakt.docs.apiary.io",
  "traxo": "https://developer.traxo.com",
  "trello": "https://developers.trello.com",
  "tripit": "https://www.tripit.com/developer",
  "trustpilot": "https://developers.trustpilot.com",
  "tumblr": "https://www.tumblr.com/docs/en/api/v2",
  "twitch": "https://dev.twitch.tv",
  "twitter": "https://developer.x.com",
  "typeform": "https://developer.typeform.com",
  "uber": "https://developer.uber.com",
  "unbounce": "https://developer.unbounce.com",
  "underarmour": "https://developer.underarmour.com",
  "unsplash": "https://unsplash.com/documentation",
  "untappd": "https://untappd.com/api/docs",
  "upwork": "https://developers.upwork.com",
  "uservoice": "https://developer.uservoice.com",
  "vend": "https://developers.vendhq.com",
  "venmo": "https://developers.braintreepayments.com/guides/venmo/overview/",
  "vercel": "https://vercel.com/docs",
  "verticalresponse": "http: //developers.verticalresponse.com",
  "viadeo": "https://partners.viadeo.com",
  "vimeo": "https://developer.vimeo.com",
  "visualstudio": "https://docs.microsoft.com/en-us/vsts/integrate/get-started/authentication/oauth?view=vsts",
  "vk": "https://vk.com/dev",
  "wechat": "https://mp.weixin.qq.com",
  "weekdone": "https://weekdone.com/developer",
  "weibo": "https://open.weibo.com",
  "withings": "https://developer.withings.com",
  "wordpress": "https://developer.wordpress.com",
  "workos": "https://workos.com/docs/sso",
  "wrike": "https://developers.wrike.com",
  "xero": "https://developer.xero.com",
  "xing": "https://dev.xing.com",
  "yahoo": "https://developer.yahoo.com",
  "yammer": "https://developer.yammer.com/docs",
  "yandex": "https://tech.yandex.com",
  "zendesk": "https://developer.zendesk.com",
  "zoom": "https://marketplace.zoom.us/doc"
}
